3;29;25;"EventSent";42
3;29;26;"EventSent";333
3;29;27;"EventSent";327
3;29;28;"EventSent";336
3;29;29;"EventSent";361
3;29;30;"EventSent";391
3;29;31;"EventSent";370
3;29;32;"EventSent";371
3;29;33;"EventSent";398
3;29;34;"EventSent";366
3;29;35;"EventSent";372
3;29;36;"EventSent";392
3;29;37;"EventSent";388
3;29;38;"EventSent";384
3;29;39;"EventSent";371
3;29;40;"EventSent";376
3;29;41;"EventSent";393
3;29;42;"EventSent";385
3;29;43;"EventSent";373
3;29;44;"EventSent";374
3;29;45;"EventSent";391
3;29;46;"EventSent";389
3;29;47;"EventSent";382
3;29;48;"EventSent";389
3;29;49;"EventSent";392
3;29;50;"EventSent";402
3;29;51;"EventSent";377
3;29;52;"EventSent";389
3;29;53;"EventSent";398
3;29;54;"EventSent";396
3;29;55;"EventSent";407
3;29;56;"EventSent";407
3;29;57;"EventSent";405
3;29;58;"EventSent";417
3;29;59;"EventSent";401
3;30;0;"EventSent";399
3;30;1;"EventSent";407
3;30;2;"EventSent";409
3;30;3;"EventSent";406
3;30;4;"EventSent";413
3;30;5;"EventSent";421
3;30;6;"EventSent";411
3;30;7;"EventSent";406
3;30;8;"EventSent";410
3;30;9;"EventSent";409
3;30;10;"EventSent";408
3;30;11;"EventSent";413
3;30;12;"EventSent";415
3;30;13;"EventSent";408
3;30;14;"EventSent";399
3;30;15;"EventSent";415
3;30;16;"EventSent";422
3;30;17;"EventSent";416
3;30;18;"EventSent";414
3;30;19;"EventSent";408
3;30;20;"EventSent";422
3;30;21;"EventSent";409
3;30;22;"EventSent";417
3;30;23;"EventSent";418
3;30;24;"EventSent";402
3;30;25;"EventSent";403
3;30;26;"EventSent";398
3;30;27;"EventSent";403
3;30;28;"EventSent";412
3;30;29;"EventSent";416
3;30;30;"EventSent";405
3;30;31;"EventSent";401
3;30;32;"EventSent";417
3;30;33;"EventSent";409
3;30;34;"EventSent";414
3;30;35;"EventSent";420
3;30;36;"EventSent";404
3;30;37;"EventSent";408
3;30;38;"EventSent";409
3;30;39;"EventSent";412
3;30;40;"EventSent";411
3;30;41;"EventSent";414
3;30;42;"EventSent";409
3;30;43;"EventSent";411
3;30;44;"EventSent";411
3;30;45;"EventSent";423
3;30;46;"EventSent";423
3;30;47;"EventSent";409
3;30;48;"EventSent";413
3;30;49;"EventSent";409
3;30;50;"EventSent";414
3;30;51;"EventSent";415
3;30;52;"EventSent";411
3;30;53;"EventSent";415
3;30;54;"EventSent";410
3;30;55;"EventSent";417
3;30;56;"EventSent";418
3;30;57;"EventSent";414
3;30;58;"EventSent";407
3;30;59;"EventSent";400
3;31;0;"EventSent";415
3;31;1;"EventSent";416
3;31;2;"EventSent";415
3;31;3;"EventSent";411
3;31;4;"EventSent";413
3;31;5;"EventSent";414
3;31;6;"EventSent";416
3;31;7;"EventSent";422
3;31;8;"EventSent";415
3;31;9;"EventSent";419
3;31;10;"EventSent";418
3;31;11;"EventSent";410
3;31;12;"EventSent";415
3;31;13;"EventSent";407
3;31;14;"EventSent";410
3;31;15;"EventSent";423
3;31;16;"EventSent";430
3;31;17;"EventSent";429
3;31;18;"EventSent";399
3;31;19;"EventSent";409
3;31;20;"EventSent";416
3;31;21;"EventSent";413
3;31;22;"EventSent";415
3;31;23;"EventSent";421
3;31;24;"EventSent";402
3;31;25;"EventSent";411
3;31;26;"EventSent";413
3;31;27;"EventSent";435
3;31;28;"EventSent";416
3;31;29;"EventSent";413
3;31;30;"EventSent";407
3;31;31;"EventSent";403
3;31;32;"EventSent";403
3;31;33;"EventSent";399
3;31;34;"EventSent";398
3;31;35;"EventSent";410
3;31;36;"EventSent";415
3;31;37;"EventSent";411
3;31;38;"EventSent";406
3;31;39;"EventSent";409
3;31;40;"EventSent";422
3;31;41;"EventSent";428
3;31;42;"EventSent";419
3;31;43;"EventSent";418
3;31;44;"EventSent";403
3;31;45;"EventSent";407
3;31;46;"EventSent";427
3;31;47;"EventSent";408
3;31;48;"EventSent";400
3;31;49;"EventSent";410
3;31;50;"EventSent";426
3;31;51;"EventSent";418
3;31;52;"EventSent";411
3;31;53;"EventSent";406
3;31;54;"EventSent";412
3;31;55;"EventSent";410
3;31;56;"EventSent";406
3;31;57;"EventSent";429
3;31;58;"EventSent";417
3;31;59;"EventSent";415
3;32;0;"EventSent";416
3;32;1;"EventSent";417
3;32;2;"EventSent";418
3;32;3;"EventSent";411
3;32;4;"EventSent";413
3;32;5;"EventSent";406
3;32;6;"EventSent";411
3;32;7;"EventSent";409
3;32;8;"EventSent";412
3;32;9;"EventSent";408
3;32;10;"EventSent";409
3;32;11;"EventSent";406
3;32;12;"EventSent";417
3;32;13;"EventSent";423
3;32;14;"EventSent";412
3;32;15;"EventSent";408
3;32;16;"EventSent";403
3;32;17;"EventSent";408
3;32;18;"EventSent";409
3;32;19;"EventSent";410
3;32;20;"EventSent";409
3;32;21;"EventSent";415
3;32;22;"EventSent";425
3;32;23;"EventSent";425
3;32;24;"EventSent";417
3;32;25;"EventSent";405
3;32;26;"EventSent";397
3;32;27;"EventSent";421
3;32;28;"EventSent";416
3;32;29;"EventSent";398
3;32;30;"EventSent";415
3;32;31;"EventSent";415
3;32;32;"EventSent";414
3;32;33;"EventSent";417
3;32;34;"EventSent";412
3;32;35;"EventSent";428
3;32;36;"EventSent";424
3;32;37;"EventSent";419
3;32;38;"EventSent";420
3;32;39;"EventSent";410
3;32;40;"EventSent";422
3;32;41;"EventSent";429
3;32;42;"EventSent";419
3;32;43;"EventSent";406
3;32;44;"EventSent";405
3;32;45;"EventSent";410
3;32;46;"EventSent";408
3;32;47;"EventSent";407
3;32;48;"EventSent";406
3;32;49;"EventSent";405
3;32;50;"EventSent";423
3;32;51;"EventSent";419
3;32;52;"EventSent";430
3;32;53;"EventSent";433
3;32;54;"EventSent";406
3;32;55;"EventSent";416
3;32;56;"EventSent";422
3;32;57;"EventSent";428
3;32;58;"EventSent";428
3;32;59;"EventSent";411
3;33;0;"EventSent";415
3;33;1;"EventSent";411
3;33;2;"EventSent";408
3;33;3;"EventSent";427
3;33;4;"EventSent";422
3;33;5;"EventSent";417
3;33;6;"EventSent";411
3;33;7;"EventSent";403
3;33;8;"EventSent";395
3;33;9;"EventSent";389
3;33;10;"EventSent";402
3;33;11;"EventSent";416
3;33;12;"EventSent";405
3;33;13;"EventSent";408
3;33;14;"EventSent";406
3;33;15;"EventSent";405
3;33;16;"EventSent";414
3;33;17;"EventSent";410
3;33;18;"EventSent";413
3;33;19;"EventSent";414
3;33;20;"EventSent";417
3;33;21;"EventSent";415
3;33;22;"EventSent";413
3;33;23;"EventSent";406
3;33;24;"EventSent";402
3;33;25;"EventSent";411
3;33;26;"EventSent";408
3;33;27;"EventSent";411
3;33;28;"EventSent";412
3;33;29;"EventSent";411
3;33;30;"EventSent";421
3;33;31;"EventSent";409
3;33;32;"EventSent";430
3;33;33;"EventSent";427
3;33;34;"EventSent";418
3;33;35;"EventSent";410
3;33;36;"EventSent";418
3;33;37;"EventSent";429
3;33;38;"EventSent";439
3;33;39;"EventSent";421
3;33;40;"EventSent";437
3;33;41;"EventSent";420
3;33;42;"EventSent";414
3;33;43;"EventSent";412
3;33;44;"EventSent";406
3;33;45;"EventSent";414
3;33;46;"EventSent";428
3;33;47;"EventSent";429
3;33;48;"EventSent";428
3;33;49;"EventSent";422
3;33;50;"EventSent";418
3;33;51;"EventSent";426
3;33;52;"EventSent";419
3;33;53;"EventSent";405
3;33;54;"EventSent";410
3;33;55;"EventSent";423
3;33;56;"EventSent";433
3;33;57;"EventSent";413
3;33;58;"EventSent";419
3;33;59;"EventSent";404
3;34;0;"EventSent";412
3;34;1;"EventSent";423
3;34;2;"EventSent";431
3;34;3;"EventSent";425
3;34;4;"EventSent";428
3;34;5;"EventSent";433
3;34;6;"EventSent";415
3;34;7;"EventSent";413
3;34;8;"EventSent";422
3;34;9;"EventSent";412
3;34;10;"EventSent";414
3;34;11;"EventSent";416
3;34;12;"EventSent";426
3;34;13;"EventSent";422
3;34;14;"EventSent";415
3;34;15;"EventSent";410
3;34;16;"EventSent";407
3;34;17;"EventSent";420
3;34;18;"EventSent";419
3;34;19;"EventSent";420
3;34;20;"EventSent";414
3;34;21;"EventSent";416
3;34;22;"EventSent";420
3;34;23;"EventSent";414
3;34;24;"EventSent";412
3;34;25;"EventSent";407
3;34;26;"EventSent";413
3;34;27;"EventSent";417
3;34;28;"EventSent";424
3;34;29;"EventSent";405
3;34;30;"EventSent";411
3;34;31;"EventSent";406
3;34;32;"EventSent";403
3;34;33;"EventSent";414
3;34;34;"EventSent";406
3;34;35;"EventSent";405
3;34;36;"EventSent";419
3;34;37;"EventSent";425
3;34;38;"EventSent";413
3;34;39;"EventSent";416
3;34;40;"EventSent";423
3;34;41;"EventSent";416
3;34;42;"EventSent";409
3;34;43;"EventSent";420
3;34;44;"EventSent";400
3;34;45;"EventSent";417
3;34;46;"EventSent";400
3;34;47;"EventSent";400
3;34;48;"EventSent";416
3;34;49;"EventSent";414
3;34;50;"EventSent";423
3;34;51;"EventSent";410
3;34;52;"EventSent";412
3;34;53;"EventSent";402
3;34;54;"EventSent";408
3;34;55;"EventSent";415
3;34;56;"EventSent";415
3;34;57;"EventSent";423
3;34;58;"EventSent";425
3;34;59;"EventSent";409
3;35;0;"EventSent";398
3;35;1;"EventSent";417
3;35;2;"EventSent";415
3;35;3;"EventSent";410
3;35;4;"EventSent";393
3;35;5;"EventSent";408
3;35;6;"EventSent";414
3;35;7;"EventSent";411
3;35;8;"EventSent";405
3;35;9;"EventSent";411
3;35;10;"EventSent";417
3;35;11;"EventSent";417
3;35;12;"EventSent";415
3;35;13;"EventSent";420
3;35;14;"EventSent";413
3;35;15;"EventSent";415
3;35;16;"EventSent";414
3;35;17;"EventSent";411
3;35;18;"EventSent";413
3;35;19;"EventSent";409
3;35;20;"EventSent";412
3;35;21;"EventSent";414
3;35;22;"EventSent";423
3;35;23;"EventSent";420
3;35;24;"EventSent";423
3;35;25;"EventSent";415
3;35;26;"EventSent";413
3;35;27;"EventSent";415
3;35;28;"EventSent";423
3;35;29;"EventSent";419
3;35;30;"EventSent";430
3;35;31;"EventSent";412
3;35;32;"EventSent";416
3;35;33;"EventSent";411
3;35;34;"EventSent";405
3;35;35;"EventSent";409
3;35;36;"EventSent";424
3;35;37;"EventSent";413
3;35;38;"EventSent";398
3;35;39;"EventSent";398
3;35;40;"EventSent";411
3;35;41;"EventSent";412
3;35;42;"EventSent";414
3;35;43;"EventSent";410
3;35;44;"EventSent";407
3;35;45;"EventSent";414
3;35;46;"EventSent";419
3;35;47;"EventSent";419
3;35;48;"EventSent";427
3;35;49;"EventSent";421
3;35;50;"EventSent";417
3;35;51;"EventSent";414
3;35;52;"EventSent";426
3;35;53;"EventSent";412
3;35;54;"EventSent";408
3;35;55;"EventSent";410
3;35;56;"EventSent";418
3;35;57;"EventSent";409
3;35;58;"EventSent";408
3;35;59;"EventSent";417
3;36;0;"EventSent";425
3;36;1;"EventSent";408
3;36;2;"EventSent";410
3;36;3;"EventSent";411
3;36;4;"EventSent";408
3;36;5;"EventSent";428
3;36;6;"EventSent";428
3;36;7;"EventSent";414
3;36;8;"EventSent";414
3;36;9;"EventSent";410
3;36;10;"EventSent";411
3;36;11;"EventSent";415
3;36;12;"EventSent";417
3;36;13;"EventSent";418
3;36;14;"EventSent";422
3;36;15;"EventSent";417
3;36;16;"EventSent";427
3;36;17;"EventSent";420
3;36;18;"EventSent";413
3;36;19;"EventSent";405
3;36;20;"EventSent";411
3;36;21;"EventSent";410
3;36;22;"EventSent";416
3;36;23;"EventSent";409
3;36;24;"EventSent";417
3;36;25;"EventSent";423
3;36;26;"EventSent";436
3;36;27;"EventSent";421
3;36;28;"EventSent";425
3;36;29;"EventSent";416
3;36;30;"EventSent";417
3;36;31;"EventSent";398
3;36;32;"EventSent";413
3;36;33;"EventSent";415
3;36;34;"EventSent";412
3;36;35;"EventSent";414
3;36;36;"EventSent";411
3;36;37;"EventSent";406
3;36;38;"EventSent";393
3;36;39;"EventSent";399
3;36;40;"EventSent";398
3;36;41;"EventSent";405
3;36;42;"EventSent";412
3;36;43;"EventSent";411
3;36;44;"EventSent";409
3;36;45;"EventSent";403
3;36;46;"EventSent";401
3;36;47;"EventSent";409
3;36;48;"EventSent";413
3;36;49;"EventSent";406
3;36;50;"EventSent";415
3;36;51;"EventSent";418
3;36;52;"EventSent";418
3;36;53;"EventSent";420
3;36;54;"EventSent";413
3;36;55;"EventSent";416
3;36;56;"EventSent";410
3;36;57;"EventSent";421
3;36;58;"EventSent";431
3;36;59;"EventSent";418
3;37;0;"EventSent";421
3;37;1;"EventSent";418
3;37;2;"EventSent";423
3;37;3;"EventSent";425
3;37;4;"EventSent";417
3;37;5;"EventSent";420
3;37;6;"EventSent";415
3;37;7;"EventSent";416
3;37;8;"EventSent";415
3;37;9;"EventSent";419
3;37;10;"EventSent";416
3;37;11;"EventSent";415
3;37;12;"EventSent";414
3;37;13;"EventSent";415
3;37;14;"EventSent";411
3;37;15;"EventSent";413
3;37;16;"EventSent";410
3;37;17;"EventSent";412
3;37;18;"EventSent";408
3;37;19;"EventSent";404
3;37;20;"EventSent";408
3;37;21;"EventSent";410
3;37;22;"EventSent";413
3;37;23;"EventSent";422
3;37;24;"EventSent";420
3;37;25;"EventSent";421
3;37;26;"EventSent";412
3;37;27;"EventSent";409
3;37;28;"EventSent";419
3;37;29;"EventSent";411
3;37;30;"EventSent";411
3;37;31;"EventSent";406
3;37;32;"EventSent";417
3;37;33;"EventSent";420
3;37;34;"EventSent";411
3;37;35;"EventSent";414
3;37;36;"EventSent";411
3;37;37;"EventSent";414
3;37;38;"EventSent";415
3;37;39;"EventSent";408
3;37;40;"EventSent";415
3;37;41;"EventSent";412
3;37;42;"EventSent";413
3;37;43;"EventSent";409
3;37;44;"EventSent";406
3;37;45;"EventSent";413
3;37;46;"EventSent";409
3;37;47;"EventSent";420
3;37;48;"EventSent";421
3;37;49;"EventSent";417
3;37;50;"EventSent";419
3;37;51;"EventSent";413
3;37;52;"EventSent";409
3;37;53;"EventSent";409
3;37;54;"EventSent";404
3;37;55;"EventSent";407
3;37;56;"EventSent";411
3;37;57;"EventSent";413
3;37;58;"EventSent";410
3;37;59;"EventSent";408
3;38;0;"EventSent";423
3;38;1;"EventSent";417
3;38;2;"EventSent";420
3;38;3;"EventSent";414
3;38;4;"EventSent";404
3;38;5;"EventSent";408
3;38;6;"EventSent";426
3;38;7;"EventSent";409
3;38;8;"EventSent";414
3;38;9;"EventSent";413
3;38;10;"EventSent";423
3;38;11;"EventSent";410
3;38;12;"EventSent";418
3;38;13;"EventSent";426
3;38;14;"EventSent";413
3;38;15;"EventSent";420
3;38;16;"EventSent";422
3;38;17;"EventSent";423
3;38;18;"EventSent";434
3;38;19;"EventSent";424
3;38;20;"EventSent";423
3;38;21;"EventSent";430
3;38;22;"EventSent";432
3;38;23;"EventSent";433
3;38;24;"EventSent";431
3;38;25;"EventSent";432
3;38;26;"EventSent";434
3;38;27;"EventSent";433
3;38;28;"EventSent";435
3;38;29;"EventSent";440
3;38;30;"EventSent";443
3;38;31;"EventSent";437
3;38;32;"EventSent";442
3;38;33;"EventSent";443
3;38;34;"EventSent";435
3;38;35;"EventSent";443
3;38;36;"EventSent";436
3;38;37;"EventSent";426
3;38;38;"EventSent";427
3;38;39;"EventSent";429
3;38;40;"EventSent";433
3;38;41;"EventSent";432
3;38;42;"EventSent";431
3;38;43;"EventSent";423
3;38;44;"EventSent";423
3;38;45;"EventSent";428
3;38;46;"EventSent";430
3;38;47;"EventSent";431
3;38;48;"EventSent";443
3;38;49;"EventSent";440
3;38;50;"EventSent";433
3;38;51;"EventSent";441
3;38;52;"EventSent";443
3;38;53;"EventSent";442
3;38;54;"EventSent";438
3;38;55;"EventSent";443
3;38;56;"EventSent";432
3;38;57;"EventSent";426
3;38;58;"EventSent";429
3;38;59;"EventSent";436
3;39;0;"EventSent";445
3;39;1;"EventSent";442
3;39;2;"EventSent";437
3;39;3;"EventSent";441
3;39;4;"EventSent";433
3;39;5;"EventSent";436
3;39;6;"EventSent";428
3;39;7;"EventSent";424
3;39;8;"EventSent";428
3;39;9;"EventSent";421
3;39;10;"EventSent";429
3;39;11;"EventSent";428
3;39;12;"EventSent";429
3;39;13;"EventSent";430
3;39;14;"EventSent";420
3;39;15;"EventSent";432
3;39;16;"EventSent";432
3;39;17;"EventSent";433
3;39;18;"EventSent";434
3;39;19;"EventSent";432
3;39;20;"EventSent";434
3;39;21;"EventSent";432
3;39;22;"EventSent";426
3;39;23;"EventSent";432
3;39;24;"EventSent";431
3;39;25;"EventSent";426
3;39;26;"EventSent";428
3;39;27;"EventSent";434
3;39;28;"EventSent";429
3;39;29;"EventSent";421
3;39;30;"EventSent";426
3;39;31;"EventSent";425
3;39;32;"EventSent";440
3;39;33;"EventSent";443
3;39;34;"EventSent";436
3;39;35;"EventSent";443
3;39;36;"EventSent";443
3;39;37;"EventSent";442
3;39;38;"EventSent";443
3;39;39;"EventSent";438
3;39;40;"EventSent";441
3;39;41;"EventSent";443
3;39;42;"EventSent";444
3;39;43;"EventSent";443
3;39;44;"EventSent";439
3;39;45;"EventSent";443
3;39;46;"EventSent";439
3;39;47;"EventSent";429
3;39;48;"EventSent";427
3;39;49;"EventSent";422
3;39;50;"EventSent";430
3;39;51;"EventSent";427
3;39;52;"EventSent";427
3;39;53;"EventSent";428
3;39;54;"EventSent";424
3;39;55;"EventSent";429
3;39;56;"EventSent";424
3;39;57;"EventSent";424
3;39;58;"EventSent";425
3;39;59;"EventSent";420
3;40;0;"EventSent";426
3;40;1;"EventSent";425
3;40;2;"EventSent";442
3;40;3;"EventSent";442
3;40;4;"EventSent";437
3;40;5;"EventSent";443
3;40;6;"EventSent";442
3;40;7;"EventSent";443
3;40;8;"EventSent";443
3;40;9;"EventSent";436
3;40;10;"EventSent";437
3;40;11;"EventSent";435
3;40;12;"EventSent";432
3;40;13;"EventSent";431
3;40;14;"EventSent";430
3;40;15;"EventSent";426
3;40;16;"EventSent";435
3;40;17;"EventSent";438
3;40;18;"EventSent";440
3;40;19;"EventSent";434
3;40;20;"EventSent";427
3;40;21;"EventSent";428
3;40;22;"EventSent";428
3;40;23;"EventSent";428
3;40;24;"EventSent";425
3;40;25;"EventSent";432
3;40;26;"EventSent";421
3;40;27;"EventSent";418
3;40;28;"EventSent";433
3;40;29;"EventSent";424
3;40;30;"EventSent";428
3;40;31;"EventSent";432
3;40;32;"EventSent";420
3;40;33;"EventSent";435
3;40;34;"EventSent";433
3;40;35;"EventSent";432
3;40;36;"EventSent";418
3;40;37;"EventSent";419
3;40;38;"EventSent";418
3;40;39;"EventSent";413
3;40;40;"EventSent";433
3;40;41;"EventSent";424
3;40;42;"EventSent";428
3;40;43;"EventSent";429
3;40;44;"EventSent";421
3;40;45;"EventSent";426
3;40;46;"EventSent";429
3;40;47;"EventSent";423
3;40;48;"EventSent";428
3;40;49;"EventSent";426
3;40;50;"EventSent";426
3;40;51;"EventSent";426
3;40;52;"EventSent";434
3;40;53;"EventSent";440
3;40;54;"EventSent";425
3;40;55;"EventSent";437
3;40;56;"EventSent";435
3;40;57;"EventSent";422
3;40;58;"EventSent";425
3;40;59;"EventSent";422
3;41;0;"EventSent";424
3;41;1;"EventSent";421
3;41;2;"EventSent";428
3;41;3;"EventSent";431
3;41;4;"EventSent";429
3;41;5;"EventSent";431
3;41;6;"EventSent";423
3;41;7;"EventSent";428
3;41;8;"EventSent";431
3;41;9;"EventSent";425
3;41;10;"EventSent";442
3;41;11;"EventSent";441
3;41;12;"EventSent";442
3;41;13;"EventSent";439
3;41;14;"EventSent";433
3;41;15;"EventSent";441
3;41;16;"EventSent";441
3;41;17;"EventSent";432
3;41;18;"EventSent";432
3;41;19;"EventSent";430
3;41;20;"EventSent";429
3;41;21;"EventSent";430
3;41;22;"EventSent";428
3;41;23;"EventSent";429
3;41;24;"EventSent";439
3;41;25;"EventSent";438
3;41;26;"EventSent";428
3;41;27;"EventSent";436
3;41;28;"EventSent";443
3;41;29;"EventSent";438
3;41;30;"EventSent";429
3;41;31;"EventSent";427
3;41;32;"EventSent";426
3;41;33;"EventSent";429
3;41;34;"EventSent";431
3;41;35;"EventSent";429
3;41;36;"EventSent";419
3;41;37;"EventSent";431
3;41;38;"EventSent";423
3;41;39;"EventSent";424
3;41;40;"EventSent";427
3;41;41;"EventSent";430
3;41;42;"EventSent";441
3;41;43;"EventSent";441
3;41;44;"EventSent";419
3;41;45;"EventSent";426
3;41;46;"EventSent";427
3;41;47;"EventSent";427
3;41;48;"EventSent";431
3;41;49;"EventSent";428
3;41;50;"EventSent";428
3;41;51;"EventSent";429
3;41;52;"EventSent";418
3;41;53;"EventSent";425
3;41;54;"EventSent";425
3;41;55;"EventSent";442
3;41;56;"EventSent";440
3;41;57;"EventSent";436
3;41;58;"EventSent";437
3;41;59;"EventSent";425
3;42;0;"EventSent";417
3;42;1;"EventSent";426
3;42;2;"EventSent";438
3;42;3;"EventSent";441
3;42;4;"EventSent";435
3;42;5;"EventSent";439
3;42;6;"EventSent";435
3;42;7;"EventSent";440
3;42;8;"EventSent";428
3;42;9;"EventSent";416
3;42;10;"EventSent";427
3;42;11;"EventSent";429
3;42;12;"EventSent";440
3;42;13;"EventSent";440
3;42;14;"EventSent";428
3;42;15;"EventSent";420
3;42;16;"EventSent";437
3;42;17;"EventSent";422
3;42;18;"EventSent";425
3;42;19;"EventSent";426
3;42;20;"EventSent";426
3;42;21;"EventSent";429
3;42;22;"EventSent";429
3;42;23;"EventSent";428
3;42;24;"EventSent";415
3;42;25;"EventSent";432
3;42;26;"EventSent";441
3;42;27;"EventSent";420
3;42;28;"EventSent";419
3;42;29;"EventSent";432
3;42;30;"EventSent";426
3;42;31;"EventSent";428
3;42;32;"EventSent";430
3;42;33;"EventSent";431
3;42;34;"EventSent";429
3;42;35;"EventSent";423
3;42;36;"EventSent";434
3;42;37;"EventSent";428
3;42;38;"EventSent";432
3;42;39;"EventSent";416
3;42;40;"EventSent";431
3;42;41;"EventSent";437
3;42;42;"EventSent";428
3;42;43;"EventSent";434
3;42;44;"EventSent";430
3;42;45;"EventSent";430
3;42;46;"EventSent";433
3;42;47;"EventSent";432
3;42;48;"EventSent";436
3;42;49;"EventSent";425
3;42;50;"EventSent";437
3;42;51;"EventSent";434
3;42;52;"EventSent";442
3;42;53;"EventSent";442
3;42;54;"EventSent";431
3;42;55;"EventSent";423
3;42;56;"EventSent";427
3;42;57;"EventSent";411
3;42;58;"EventSent";410
3;42;59;"EventSent";410
3;43;0;"EventSent";414
3;43;1;"EventSent";414
3;43;2;"EventSent";420
3;43;3;"EventSent";415
3;43;4;"EventSent";413
3;43;5;"EventSent";416
3;43;6;"EventSent";410
3;43;7;"EventSent";420
3;43;8;"EventSent";430
3;43;9;"EventSent";431
3;43;10;"EventSent";432
3;43;11;"EventSent";430
3;43;12;"EventSent";429
3;43;13;"EventSent";419
3;43;14;"EventSent";422
3;43;15;"EventSent";434
3;43;16;"EventSent";426
3;43;17;"EventSent";421
3;43;18;"EventSent";426
3;43;19;"EventSent";430
3;43;20;"EventSent";434
3;43;21;"EventSent";433
3;43;22;"EventSent";429
3;43;23;"EventSent";427
3;43;24;"EventSent";423
3;43;25;"EventSent";427
3;43;26;"EventSent";426
3;43;27;"EventSent";438
3;43;28;"EventSent";443
3;43;29;"EventSent";435
3;43;30;"EventSent";444
3;43;31;"EventSent";439
3;43;32;"EventSent";433
3;43;33;"EventSent";433
3;43;34;"EventSent";430
3;43;35;"EventSent";433
3;43;36;"EventSent";428
3;43;37;"EventSent";439
3;43;38;"EventSent";440
3;43;39;"EventSent";434
3;43;40;"EventSent";442
3;43;41;"EventSent";444
3;43;42;"EventSent";441
3;43;43;"EventSent";443
3;43;44;"EventSent";433
3;43;45;"EventSent";433
3;43;46;"EventSent";434
3;43;47;"EventSent";428
3;43;48;"EventSent";427
3;43;49;"EventSent";422
3;43;50;"EventSent";427
3;43;51;"EventSent";429
3;43;52;"EventSent";442
3;43;53;"EventSent";436
3;43;54;"EventSent";425
3;43;55;"EventSent";425
3;43;56;"EventSent";424
3;43;57;"EventSent";427
3;43;58;"EventSent";421
3;43;59;"EventSent";425
3;44;0;"EventSent";433
3;44;1;"EventSent";429
3;44;2;"EventSent";427
3;44;3;"EventSent";432
3;44;4;"EventSent";430
3;44;5;"EventSent";427
3;44;6;"EventSent";436
3;44;7;"EventSent";436
3;44;8;"EventSent";428
3;44;9;"EventSent";418
3;44;10;"EventSent";433
3;44;11;"EventSent";431
3;44;12;"EventSent";433
3;44;13;"EventSent";433
3;44;14;"EventSent";428
3;44;15;"EventSent";431
3;44;16;"EventSent";433
3;44;17;"EventSent";424
3;44;18;"EventSent";420
3;44;19;"EventSent";434
3;44;20;"EventSent";441
3;44;21;"EventSent";434
3;44;22;"EventSent";432
3;44;23;"EventSent";431
3;44;24;"EventSent";438
3;44;25;"EventSent";440
3;44;26;"EventSent";440
3;44;27;"EventSent";440
3;44;28;"EventSent";439
3;44;29;"EventSent";432
3;44;30;"EventSent";430
3;44;31;"EventSent";430
3;44;32;"EventSent";433
3;44;33;"EventSent";433
3;44;34;"EventSent";430
3;44;35;"EventSent";431
3;44;36;"EventSent";433
3;44;37;"EventSent";443
3;44;38;"EventSent";431
3;44;39;"EventSent";415
3;44;40;"EventSent";415
3;44;41;"EventSent";422
3;44;42;"EventSent";441
3;44;43;"EventSent";445
3;44;44;"EventSent";439
3;44;45;"EventSent";441
3;44;46;"EventSent";438
3;44;47;"EventSent";432
3;44;48;"EventSent";431
3;44;49;"EventSent";425
3;44;50;"EventSent";428
3;44;51;"EventSent";428
3;44;52;"EventSent";429
3;44;53;"EventSent";425
3;44;54;"EventSent";419
3;44;55;"EventSent";437
3;44;56;"EventSent";442
3;44;57;"EventSent";429
3;44;58;"EventSent";429
3;44;59;"EventSent";433
3;45;0;"EventSent";441
3;45;1;"EventSent";444
3;45;2;"EventSent";443
3;45;3;"EventSent";436
3;45;4;"EventSent";423
3;45;5;"EventSent";430
3;45;6;"EventSent";434
3;45;7;"EventSent";432
3;45;8;"EventSent";425
3;45;9;"EventSent";428
3;45;10;"EventSent";426
3;45;11;"EventSent";425
3;45;12;"EventSent";430
3;45;13;"EventSent";427
3;45;14;"EventSent";434
3;45;15;"EventSent";426
3;45;16;"EventSent";429
3;45;17;"EventSent";438
3;45;18;"EventSent";426
3;45;19;"EventSent";416
3;45;20;"EventSent";433
3;45;21;"EventSent";432
3;45;22;"EventSent";431
3;45;23;"EventSent";426
3;45;24;"EventSent";425
3;45;25;"EventSent";427
3;45;26;"EventSent";431
3;45;27;"EventSent";430
3;45;28;"EventSent";429
3;45;29;"EventSent";423
3;45;30;"EventSent";431
3;45;31;"EventSent";431
3;45;32;"EventSent";427
3;45;33;"EventSent";427
3;45;34;"EventSent";423
3;45;35;"EventSent";427
3;45;36;"EventSent";427
3;45;37;"EventSent";428
3;45;38;"EventSent";424
3;45;39;"EventSent";420
3;45;40;"EventSent";431
3;45;41;"EventSent";422
3;45;42;"EventSent";430
3;45;43;"EventSent";433
3;45;44;"EventSent";430
3;45;45;"EventSent";429
3;45;46;"EventSent";426
3;45;47;"EventSent";430
3;45;48;"EventSent";432
3;45;49;"EventSent";421
3;45;50;"EventSent";429
3;45;51;"EventSent";439
3;45;52;"EventSent";441
3;45;53;"EventSent";441
3;45;54;"EventSent";439
3;45;55;"EventSent";443
3;45;56;"EventSent";429
3;45;57;"EventSent";429
3;45;58;"EventSent";433
3;45;59;"EventSent";425
3;46;0;"EventSent";441
3;46;1;"EventSent";429
3;46;2;"EventSent";437
3;46;3;"EventSent";445
3;46;4;"EventSent";430
3;46;5;"EventSent";428
3;46;6;"EventSent";429
3;46;7;"EventSent";424
3;46;8;"EventSent";425
3;46;9;"EventSent";420
3;46;10;"EventSent";438
3;46;11;"EventSent";444
3;46;12;"EventSent";445
3;46;13;"EventSent";436
3;46;14;"EventSent";423
3;46;15;"EventSent";438
3;46;16;"EventSent";439
3;46;17;"EventSent";431
3;46;18;"EventSent";425
3;46;19;"EventSent";425
3;46;20;"EventSent";422
3;46;21;"EventSent";433
3;46;22;"EventSent";429
3;46;23;"EventSent";425
3;46;24;"EventSent";413
3;46;25;"EventSent";421
3;46;26;"EventSent";417
3;46;27;"EventSent";418
3;46;28;"EventSent";432
3;46;29;"EventSent";424
3;46;30;"EventSent";423
3;46;31;"EventSent";428
3;46;32;"EventSent";426
3;46;33;"EventSent";439
3;46;34;"EventSent";419
3;46;35;"EventSent";425
3;46;36;"EventSent";435
3;46;37;"EventSent";427
3;46;38;"EventSent";428
3;46;39;"EventSent";430
3;46;40;"EventSent";431
3;46;41;"EventSent";431
3;46;42;"EventSent";433
3;46;43;"EventSent";434
3;46;44;"EventSent";427
3;46;45;"EventSent";433
3;46;46;"EventSent";433
3;46;47;"EventSent";431
3;46;48;"EventSent";433
3;46;49;"EventSent";430
3;46;50;"EventSent";425
3;46;51;"EventSent";427
3;46;52;"EventSent";426
3;46;53;"EventSent";426
3;46;54;"EventSent";422
3;46;55;"EventSent";426
3;46;56;"EventSent";428
3;46;57;"EventSent";428
3;46;58;"EventSent";427
3;46;59;"EventSent";421
3;47;0;"EventSent";433
3;47;1;"EventSent";436
3;47;2;"EventSent";440
3;47;3;"EventSent";433
3;47;4;"EventSent";428
3;47;5;"EventSent";433
3;47;6;"EventSent";433
3;47;7;"EventSent";433
3;47;8;"EventSent";432
3;47;9;"EventSent";432
3;47;10;"EventSent";431
3;47;11;"EventSent";421
3;47;12;"EventSent";423
3;47;13;"EventSent";422
3;47;14;"EventSent";422
3;47;15;"EventSent";426
3;47;16;"EventSent";433
3;47;17;"EventSent";426
3;47;18;"EventSent";427
3;47;19;"EventSent";415
3;47;20;"EventSent";433
3;47;21;"EventSent";442
3;47;22;"EventSent";444
3;47;23;"EventSent";443
3;47;24;"EventSent";436
3;47;25;"EventSent";442
3;47;26;"EventSent";444
3;47;27;"EventSent";441
3;47;28;"EventSent";426
3;47;29;"EventSent";427
3;47;30;"EventSent";423
3;47;31;"EventSent";434
3;47;32;"EventSent";429
3;47;33;"EventSent";426
3;47;34;"EventSent";431
3;47;35;"EventSent";434
3;47;36;"EventSent";437
3;47;37;"EventSent";438
3;47;38;"EventSent";426
3;47;39;"EventSent";427
3;47;40;"EventSent";441
3;47;41;"EventSent";426
3;47;42;"EventSent";427
3;47;43;"EventSent";427
3;47;44;"EventSent";423
3;47;45;"EventSent";428
3;47;46;"EventSent";427
3;47;47;"EventSent";436
3;47;48;"EventSent";426
3;47;49;"EventSent";424
3;47;50;"EventSent";424
3;47;51;"EventSent";426
3;47;52;"EventSent";437
3;47;53;"EventSent";429
3;47;54;"EventSent";422
3;47;55;"EventSent";428
3;47;56;"EventSent";431
3;47;57;"EventSent";433
3;47;58;"EventSent";428
3;47;59;"EventSent";423
3;48;0;"EventSent";427
3;48;1;"EventSent";433
3;48;2;"EventSent";431
3;48;3;"EventSent";428
3;48;4;"EventSent";430
3;48;5;"EventSent";433
3;48;6;"EventSent";427
3;48;7;"EventSent";438
3;48;8;"EventSent";433
3;48;9;"EventSent";419
3;48;10;"EventSent";436
3;48;11;"EventSent";437
3;48;12;"EventSent";432
3;48;13;"EventSent";415
3;48;14;"EventSent";398
3;48;15;"EventSent";405
3;48;16;"EventSent";407
3;48;17;"EventSent";401
3;48;18;"EventSent";420
3;48;19;"EventSent";415
3;48;20;"EventSent";411
3;48;21;"EventSent";408
3;48;22;"EventSent";414
3;48;23;"EventSent";411
3;48;24;"EventSent";409
3;48;25;"EventSent";415
3;48;26;"EventSent";406
3;48;27;"EventSent";410
3;48;28;"EventSent";410
3;48;29;"EventSent";419
3;48;30;"EventSent";416
3;48;31;"EventSent";413
3;48;32;"EventSent";403
3;48;33;"EventSent";409
3;48;34;"EventSent";404
3;48;35;"EventSent";420
3;48;36;"EventSent";415
3;48;37;"EventSent";416
3;48;38;"EventSent";416
3;48;39;"EventSent";402
3;48;40;"EventSent";430
3;48;41;"EventSent";419
3;48;42;"EventSent";421
3;48;43;"EventSent";422
3;48;44;"EventSent";419
3;48;45;"EventSent";422
3;48;46;"EventSent";420
3;48;47;"EventSent";411
3;48;48;"EventSent";413
3;48;49;"EventSent";404
3;48;50;"EventSent";412
3;48;51;"EventSent";410
3;48;52;"EventSent";414
3;48;53;"EventSent";418
3;48;54;"EventSent";412
3;48;55;"EventSent";413
3;48;56;"EventSent";414
3;48;57;"EventSent";408
3;48;58;"EventSent";399
3;48;59;"EventSent";400
3;49;0;"EventSent";409
3;49;1;"EventSent";399
3;49;2;"EventSent";399
3;49;3;"EventSent";409
3;49;4;"EventSent";411
3;49;5;"EventSent";414
3;49;6;"EventSent";402
3;49;7;"EventSent";419
3;49;8;"EventSent";416
3;49;9;"EventSent";416
3;49;10;"EventSent";424
3;49;11;"EventSent";421
3;49;12;"EventSent";422
3;49;13;"EventSent";422
3;49;14;"EventSent";420
3;49;15;"EventSent";408
3;49;16;"EventSent";414
3;49;17;"EventSent";412
3;49;18;"EventSent";407
3;49;19;"EventSent";413
3;49;20;"EventSent";407
3;49;21;"EventSent";410
3;49;22;"EventSent";415
3;49;23;"EventSent";411
3;49;24;"EventSent";410
3;49;25;"EventSent";409
3;49;26;"EventSent";415
3;49;27;"EventSent";415
3;49;28;"EventSent";410
3;49;29;"EventSent";411
3;49;30;"EventSent";420
3;49;31;"EventSent";426
3;49;32;"EventSent";423
3;49;33;"EventSent";422
3;49;34;"EventSent";419
3;49;35;"EventSent";407
3;49;36;"EventSent";405
3;49;37;"EventSent";415
3;49;38;"EventSent";415
3;49;39;"EventSent";436
3;49;40;"EventSent";422
3;49;41;"EventSent";423
3;49;42;"EventSent";422
3;49;43;"EventSent";423
3;49;44;"EventSent";411
3;49;45;"EventSent";421
3;49;46;"EventSent";414
3;49;47;"EventSent";414
3;49;48;"EventSent";413
3;49;49;"EventSent";409
3;49;50;"EventSent";420
3;49;51;"EventSent";423
3;49;52;"EventSent";405
3;49;53;"EventSent";394
3;49;54;"EventSent";402
3;49;55;"EventSent";409
3;49;56;"EventSent";412
3;49;57;"EventSent";407
3;49;58;"EventSent";410
3;49;59;"EventSent";404
3;50;0;"EventSent";417
3;50;1;"EventSent";408
3;50;2;"EventSent";411
3;50;3;"EventSent";408
3;50;4;"EventSent";397
3;50;5;"EventSent";400
3;50;6;"EventSent";409
3;50;7;"EventSent";410
3;50;8;"EventSent";420
3;50;9;"EventSent";419
3;50;10;"EventSent";414
3;50;11;"EventSent";404
3;50;12;"EventSent";428
3;50;13;"EventSent";409
3;50;14;"EventSent";399
3;50;15;"EventSent";394
3;50;16;"EventSent";402
3;50;17;"EventSent";409
3;50;18;"EventSent";412
3;50;19;"EventSent";413
3;50;20;"EventSent";412
3;50;21;"EventSent";416
3;50;22;"EventSent";414
3;50;23;"EventSent";411
3;50;24;"EventSent";409
3;50;25;"EventSent";412
3;50;26;"EventSent";414
3;50;27;"EventSent";412
3;50;28;"EventSent";411
3;50;29;"EventSent";411
3;50;30;"EventSent";427
3;50;31;"EventSent";417
3;50;32;"EventSent";414
3;50;33;"EventSent";429
3;50;34;"EventSent";408
3;50;35;"EventSent";411
3;50;36;"EventSent";420
3;50;37;"EventSent";417
3;50;38;"EventSent";429
3;50;39;"EventSent";423
3;50;40;"EventSent";419
3;50;41;"EventSent";423
3;50;42;"EventSent";422
3;50;43;"EventSent";422
3;50;44;"EventSent";420
3;50;45;"EventSent";422
3;50;46;"EventSent";419
3;50;47;"EventSent";424
3;50;48;"EventSent";425
3;50;49;"EventSent";408
3;50;50;"EventSent";415
3;50;51;"EventSent";415
3;50;52;"EventSent";412
3;50;53;"EventSent";415
3;50;54;"EventSent";414
3;50;55;"EventSent";413
3;50;56;"EventSent";416
3;50;57;"EventSent";413
3;50;58;"EventSent";424
3;50;59;"EventSent";428
3;51;0;"EventSent";432
3;51;1;"EventSent";426
3;51;2;"EventSent";424
3;51;3;"EventSent";436
3;51;4;"EventSent";410
3;51;5;"EventSent";411
3;51;6;"EventSent";423
3;51;7;"EventSent";422
3;51;8;"EventSent";422
3;51;9;"EventSent";411
3;51;10;"EventSent";414
3;51;11;"EventSent";416
3;51;12;"EventSent";415
3;51;13;"EventSent";418
3;51;14;"EventSent";427
3;51;15;"EventSent";434
3;51;16;"EventSent";427
3;51;17;"EventSent";436
3;51;18;"EventSent";433
3;51;19;"EventSent";420
3;51;20;"EventSent";428
3;51;21;"EventSent";433
3;51;22;"EventSent";445
3;51;23;"EventSent";442
3;51;24;"EventSent";435
3;51;25;"EventSent";441
3;51;26;"EventSent";440
3;51;27;"EventSent";443
3;51;28;"EventSent";444
3;51;29;"EventSent";441
3;51;30;"EventSent";443
3;51;31;"EventSent";442
3;51;32;"EventSent";440
3;51;33;"EventSent";434
3;51;34;"EventSent";430
3;51;35;"EventSent";435
3;51;36;"EventSent";433
3;51;37;"EventSent";433
3;51;38;"EventSent";424
3;51;39;"EventSent";419
3;51;40;"EventSent";425
3;51;41;"EventSent";425
3;51;42;"EventSent";425
3;51;43;"EventSent";426
3;51;44;"EventSent";433
3;51;45;"EventSent";426
3;51;46;"EventSent";426
3;51;47;"EventSent";439
3;51;48;"EventSent";427
3;51;49;"EventSent";428
3;51;50;"EventSent";433
3;51;51;"EventSent";427
3;51;52;"EventSent";428
3;51;53;"EventSent";430
3;51;54;"EventSent";442
3;51;55;"EventSent";434
3;51;56;"EventSent";434
3;51;57;"EventSent";428
3;51;58;"EventSent";425
3;51;59;"EventSent";426
3;52;0;"EventSent";429
3;52;1;"EventSent";427
3;52;2;"EventSent";428
3;52;3;"EventSent";427
3;52;4;"EventSent";426
3;52;5;"EventSent";427
3;52;6;"EventSent";432
3;52;7;"EventSent";431
3;52;8;"EventSent";434
3;52;9;"EventSent";427
3;52;10;"EventSent";431
3;52;11;"EventSent";427
3;52;12;"EventSent";444
3;52;13;"EventSent";429
3;52;14;"EventSent";425
3;52;15;"EventSent";433
3;52;16;"EventSent";428
3;52;17;"EventSent";434
3;52;18;"EventSent";431
3;52;19;"EventSent";424
3;52;20;"EventSent";426
3;52;21;"EventSent";427
3;52;22;"EventSent";425
3;52;23;"EventSent";439
3;52;24;"EventSent";440
3;52;25;"EventSent";444
3;52;26;"EventSent";443
3;52;27;"EventSent";443
3;52;28;"EventSent";441
3;52;29;"EventSent";421
3;52;30;"EventSent";429
3;52;31;"EventSent";424
3;52;32;"EventSent";435
3;52;33;"EventSent";431
3;52;34;"EventSent";424
3;52;35;"EventSent";429
3;52;36;"EventSent";434
3;52;37;"EventSent";433
3;52;38;"EventSent";433
3;52;39;"EventSent";420
3;52;40;"EventSent";426
3;52;41;"EventSent";421
3;52;42;"EventSent";426
3;52;43;"EventSent";426
3;52;44;"EventSent";419
3;52;45;"EventSent";429
3;52;46;"EventSent";425
3;52;47;"EventSent";429
3;52;48;"EventSent";423
3;52;49;"EventSent";416
3;52;50;"EventSent";429
3;52;51;"EventSent";424
3;52;52;"EventSent";428
3;52;53;"EventSent";427
3;52;54;"EventSent";429
3;52;55;"EventSent";442
3;52;56;"EventSent";443
3;52;57;"EventSent";443
3;52;58;"EventSent";443
3;52;59;"EventSent";439
3;53;0;"EventSent";433
3;53;1;"EventSent";435
3;53;2;"EventSent";439
3;53;3;"EventSent";437
3;53;4;"EventSent";430
3;53;5;"EventSent";431
3;53;6;"EventSent";434
3;53;7;"EventSent";435
3;53;8;"EventSent";442
3;53;9;"EventSent";431
3;53;10;"EventSent";421
3;53;11;"EventSent";415
3;53;12;"EventSent";433
3;53;13;"EventSent";438
3;53;14;"EventSent";424
3;53;15;"EventSent";442
3;53;16;"EventSent";431
3;53;17;"EventSent";417
3;53;18;"EventSent";432
3;53;19;"EventSent";415
3;53;20;"EventSent";426
3;53;21;"EventSent";416
3;53;22;"EventSent";426
3;53;23;"EventSent";420
3;53;24;"EventSent";413
3;53;25;"EventSent";421
3;53;26;"EventSent";425
3;53;27;"EventSent";442
3;53;28;"EventSent";443
3;53;29;"EventSent";439
3;53;30;"EventSent";440
3;53;31;"EventSent";434
3;53;32;"EventSent";434
3;53;33;"EventSent";445
3;53;34;"EventSent";440
3;53;35;"EventSent";430
3;53;36;"EventSent";428
3;53;37;"EventSent";433
3;53;38;"EventSent";431
3;53;39;"EventSent";427
3;53;40;"EventSent";426
3;53;41;"EventSent";430
3;53;42;"EventSent";433
3;53;43;"EventSent";432
3;53;44;"EventSent";423
3;53;45;"EventSent";430
3;53;46;"EventSent";425
3;53;47;"EventSent";425
3;53;48;"EventSent";428
3;53;49;"EventSent";423
3;53;50;"EventSent";438
3;53;51;"EventSent";437
3;53;52;"EventSent";442
3;53;53;"EventSent";435
3;53;54;"EventSent";428
3;53;55;"EventSent";431
3;53;56;"EventSent";432
3;53;57;"EventSent";421
3;53;58;"EventSent";423
3;53;59;"EventSent";424
3;54;0;"EventSent";422
3;54;1;"EventSent";423
3;54;2;"EventSent";420
3;54;3;"EventSent";431
3;54;4;"EventSent";437
3;54;5;"EventSent";438
3;54;6;"EventSent";437
3;54;7;"EventSent";432
3;54;8;"EventSent";430
3;54;9;"EventSent";415
3;54;10;"EventSent";432
3;54;11;"EventSent";432
3;54;12;"EventSent";428
3;54;13;"EventSent";428
3;54;14;"EventSent";429
3;54;15;"EventSent";429
3;54;16;"EventSent";434
3;54;17;"EventSent";436
3;54;18;"EventSent";443
3;54;19;"EventSent";425
3;54;20;"EventSent";427
3;54;21;"EventSent";425
3;54;22;"EventSent";426
3;54;23;"EventSent";429
3;54;24;"EventSent";424
3;54;25;"EventSent";426
3;54;26;"EventSent";426
3;54;27;"EventSent";425
3;54;28;"EventSent";426
3;54;29;"EventSent";427
3;54;30;"EventSent";430
3;54;31;"EventSent";426
3;54;32;"EventSent";426
3;54;33;"EventSent";430
3;54;34;"EventSent";425
3;54;35;"EventSent";427
3;54;36;"EventSent";431
3;54;37;"EventSent";433
3;54;38;"EventSent";428
3;54;39;"EventSent";426
3;54;40;"EventSent";428
3;54;41;"EventSent";433
3;54;42;"EventSent";429
3;54;43;"EventSent";425
3;54;44;"EventSent";424
3;54;45;"EventSent";433
3;54;46;"EventSent";428
3;54;47;"EventSent";437
3;54;48;"EventSent";433
3;54;49;"EventSent";422
3;54;50;"EventSent";433
3;54;51;"EventSent";431
3;54;52;"EventSent";429
3;54;53;"EventSent";435
3;54;54;"EventSent";424
3;54;55;"EventSent";427
3;54;56;"EventSent";425
3;54;57;"EventSent";435
3;54;58;"EventSent";430
3;54;59;"EventSent";424
3;55;0;"EventSent";427
3;55;1;"EventSent";434
3;55;2;"EventSent";433
3;55;3;"EventSent";431
3;55;4;"EventSent";416
3;55;5;"EventSent";433
3;55;6;"EventSent";431
3;55;7;"EventSent";424
3;55;8;"EventSent";428
3;55;9;"EventSent";427
3;55;10;"EventSent";427
3;55;11;"EventSent";428
3;55;12;"EventSent";433
3;55;13;"EventSent";434
3;55;14;"EventSent";424
3;55;15;"EventSent";425
3;55;16;"EventSent";420
3;55;17;"EventSent";441
3;55;18;"EventSent";441
3;55;19;"EventSent";426
3;55;20;"EventSent";443
3;55;21;"EventSent";442
3;55;22;"EventSent";444
3;55;23;"EventSent";436
3;55;24;"EventSent";433
3;55;25;"EventSent";427
3;55;26;"EventSent";430
3;55;27;"EventSent";425
3;55;28;"EventSent";434
3;55;29;"EventSent";439
3;55;30;"EventSent";443
3;55;31;"EventSent";428
3;55;32;"EventSent";435
3;55;33;"EventSent";443
3;55;34;"EventSent";425
3;55;35;"EventSent";428
3;55;36;"EventSent";427
3;55;37;"EventSent";428
3;55;38;"EventSent";434
3;55;39;"EventSent";433
3;55;40;"EventSent";431
3;55;41;"EventSent";433
3;55;42;"EventSent";432
3;55;43;"EventSent";431
3;55;44;"EventSent";430
3;55;45;"EventSent";428
3;55;46;"EventSent";422
3;55;47;"EventSent";440
3;55;48;"EventSent";442
3;55;49;"EventSent";431
3;55;50;"EventSent";441
3;55;51;"EventSent";441
3;55;52;"EventSent";434
3;55;53;"EventSent";432
3;55;54;"EventSent";431
3;55;55;"EventSent";432
3;55;56;"EventSent";432
3;55;57;"EventSent";432
3;55;58;"EventSent";432
3;55;59;"EventSent";428
3;56;0;"EventSent";426
3;56;1;"EventSent";427
3;56;2;"EventSent";423
3;56;3;"EventSent";428
3;56;4;"EventSent";423
3;56;5;"EventSent";426
3;56;6;"EventSent";428
3;56;7;"EventSent";428
3;56;8;"EventSent";440
3;56;9;"EventSent";435
3;56;10;"EventSent";440
3;56;11;"EventSent";442
3;56;12;"EventSent";423
3;56;13;"EventSent";424
3;56;14;"EventSent";424
3;56;15;"EventSent";432
3;56;16;"EventSent";428
3;56;17;"EventSent";439
3;56;18;"EventSent";442
3;56;19;"EventSent";424
3;56;20;"EventSent";431
3;56;21;"EventSent";428
3;56;22;"EventSent";430
3;56;23;"EventSent";428
3;56;24;"EventSent";424
3;56;25;"EventSent";426
3;56;26;"EventSent";429
3;56;27;"EventSent";432
3;56;28;"EventSent";425
3;56;29;"EventSent";423
3;56;30;"EventSent";426
3;56;31;"EventSent";428
3;56;32;"EventSent";423
3;56;33;"EventSent";430
3;56;34;"EventSent";418
3;56;35;"EventSent";425
3;56;36;"EventSent";425
3;56;37;"EventSent";424
3;56;38;"EventSent";427
3;56;39;"EventSent";425
3;56;40;"EventSent";437
3;56;41;"EventSent";431
3;56;42;"EventSent";425
3;56;43;"EventSent";426
3;56;44;"EventSent";438
3;56;45;"EventSent";440
3;56;46;"EventSent";441
3;56;47;"EventSent";439
3;56;48;"EventSent";436
3;56;49;"EventSent";412
3;56;50;"EventSent";421
3;56;51;"EventSent";423
3;56;52;"EventSent";437
3;56;53;"EventSent";427
3;56;54;"EventSent";422
3;56;55;"EventSent";423
3;56;56;"EventSent";418
3;56;57;"EventSent";423
3;56;58;"EventSent";421
3;56;59;"EventSent";426
3;57;0;"EventSent";424
3;57;1;"EventSent";425
3;57;2;"EventSent";428
3;57;3;"EventSent";431
3;57;4;"EventSent";431
3;57;5;"EventSent";428
3;57;6;"EventSent";436
3;57;7;"EventSent";442
3;57;8;"EventSent";443
3;57;9;"EventSent";423
3;57;10;"EventSent";442
3;57;11;"EventSent";443
3;57;12;"EventSent";440
3;57;13;"EventSent";435
3;57;14;"EventSent";426
3;57;15;"EventSent";435
3;57;16;"EventSent";432
3;57;17;"EventSent";430
3;57;18;"EventSent";427
3;57;19;"EventSent";429
3;57;20;"EventSent";430
3;57;21;"EventSent";425
3;57;22;"EventSent";436
3;57;23;"EventSent";437
3;57;24;"EventSent";431
3;57;25;"EventSent";435
3;57;26;"EventSent";441
3;57;27;"EventSent";434
3;57;28;"EventSent";416
3;57;29;"EventSent";414
3;57;30;"EventSent";428
3;57;31;"EventSent";430
3;57;32;"EventSent";433
3;57;33;"EventSent";423
3;57;34;"EventSent";411
3;57;35;"EventSent";420
3;57;36;"EventSent";441
3;57;37;"EventSent";444
3;57;38;"EventSent";442
3;57;39;"EventSent";441
3;57;40;"EventSent";443
3;57;41;"EventSent";442
3;57;42;"EventSent";445
3;57;43;"EventSent";442
3;57;44;"EventSent";441
3;57;45;"EventSent";442
3;57;46;"EventSent";442
3;57;47;"EventSent";439
3;57;48;"EventSent";433
3;57;49;"EventSent";421
3;57;50;"EventSent";427
3;57;51;"EventSent";426
3;57;52;"EventSent";432
3;57;53;"EventSent";425
3;57;54;"EventSent";419
3;57;55;"EventSent";424
3;57;56;"EventSent";425
3;57;57;"EventSent";420
3;57;58;"EventSent";426
3;57;59;"EventSent";415
3;58;0;"EventSent";423
3;58;1;"EventSent";426
3;58;2;"EventSent";427
3;58;3;"EventSent";422
3;58;4;"EventSent";420
3;58;5;"EventSent";427
3;58;6;"EventSent";423
3;58;7;"EventSent";431
3;58;8;"EventSent";432
3;58;9;"EventSent";417
3;58;10;"EventSent";429
3;58;11;"EventSent";443
3;58;12;"EventSent";431
3;58;13;"EventSent";422
3;58;14;"EventSent";420
3;58;15;"EventSent";426
3;58;16;"EventSent";444
3;58;17;"EventSent";433
3;58;18;"EventSent";433
3;58;19;"EventSent";422
3;58;20;"EventSent";429
3;58;21;"EventSent";433
3;58;22;"EventSent";433
3;58;23;"EventSent";423
3;58;24;"EventSent";422
3;58;25;"EventSent";427
3;58;26;"EventSent";427
3;58;27;"EventSent";439
3;58;28;"EventSent";441
3;58;29;"EventSent";437
3;58;30;"EventSent";438
3;58;31;"EventSent";432
3;58;32;"EventSent";433
3;58;33;"EventSent";432
3;58;34;"EventSent";439
3;58;35;"EventSent";440
3;58;36;"EventSent";433
3;58;37;"EventSent";427
3;58;38;"EventSent";427
3;58;39;"EventSent";436
3;58;40;"EventSent";443
3;58;41;"EventSent";443
3;58;42;"EventSent";431
3;58;43;"EventSent";423
3;58;44;"EventSent";418
3;58;45;"EventSent";417
3;58;46;"EventSent";433
3;58;47;"EventSent";426
3;58;48;"EventSent";425
3;58;49;"EventSent";424
3;58;50;"EventSent";426
3;58;51;"EventSent";431
3;58;52;"EventSent";432
3;58;53;"EventSent";430
3;58;54;"EventSent";421
3;58;55;"EventSent";424
3;58;56;"EventSent";419
3;58;57;"EventSent";443
3;58;58;"EventSent";443
3;58;59;"EventSent";431
3;59;0;"EventSent";441
3;59;1;"EventSent";429
3;59;2;"EventSent";427
3;59;3;"EventSent";423
3;59;4;"EventSent";427
3;59;5;"EventSent";430
3;59;6;"EventSent";430
3;59;7;"EventSent";427
3;59;8;"EventSent";442
3;59;9;"EventSent";441
3;59;10;"EventSent";443
3;59;11;"EventSent";442
3;59;12;"EventSent";440
3;59;13;"EventSent";442
3;59;14;"EventSent";442
3;59;15;"EventSent";442
3;59;16;"EventSent";443
3;59;17;"EventSent";444
3;59;18;"EventSent";442
3;59;19;"EventSent";435
3;59;20;"EventSent";438
3;59;21;"EventSent";437
3;59;22;"EventSent";440
3;59;23;"EventSent";444
3;59;24;"EventSent";434
3;59;25;"EventSent";426
3;59;26;"EventSent";426
3;59;27;"EventSent";443
3;59;28;"EventSent";442
3;59;29;"EventSent";429
3;59;30;"EventSent";436
3;59;31;"EventSent";436
3;59;32;"EventSent";440
3;59;33;"EventSent";441
3;59;34;"EventSent";442
3;59;35;"EventSent";442
3;59;36;"EventSent";444
3;59;37;"EventSent";442
3;59;38;"EventSent";444
3;59;39;"EventSent";440
3;59;40;"EventSent";444
3;59;41;"EventSent";443
3;59;42;"EventSent";443
3;59;43;"EventSent";443
3;59;44;"EventSent";437
3;59;45;"EventSent";442
3;59;46;"EventSent";442
3;59;47;"EventSent";443
3;59;48;"EventSent";436
3;59;49;"EventSent";426
3;59;50;"EventSent";428
3;59;51;"EventSent";442
3;59;52;"EventSent";428
3;59;53;"EventSent";418
3;59;54;"EventSent";415
3;59;55;"EventSent";417
3;59;56;"EventSent";413
3;59;57;"EventSent";437
3;59;58;"EventSent";437
3;59;59;"EventSent";419
4;0;0;"EventSent";422
4;0;1;"EventSent";428
4;0;2;"EventSent";432
4;0;3;"EventSent";438
4;0;4;"EventSent";435
4;0;5;"EventSent";437
4;0;6;"EventSent";419
4;0;7;"EventSent";423
4;0;8;"EventSent";424
4;0;9;"EventSent";429
4;0;10;"EventSent";431
4;0;11;"EventSent";431
4;0;12;"EventSent";432
4;0;13;"EventSent";428
4;0;14;"EventSent";421
4;0;15;"EventSent";432
4;0;16;"EventSent";425
4;0;17;"EventSent";430
4;0;18;"EventSent";429
4;0;19;"EventSent";418
4;0;20;"EventSent";434
4;0;21;"EventSent";434
4;0;22;"EventSent";438
4;0;23;"EventSent";436
4;0;24;"EventSent";429
4;0;25;"EventSent";414
4;0;26;"EventSent";419
4;0;27;"EventSent";435
4;0;28;"EventSent";420
4;0;29;"EventSent";433
4;0;30;"EventSent";415
4;0;31;"EventSent";422
4;0;32;"EventSent";419
4;0;33;"EventSent";429
4;0;34;"EventSent";426
4;0;35;"EventSent";432
4;0;36;"EventSent";416
4;0;37;"EventSent";437
4;0;38;"EventSent";443
4;0;39;"EventSent";441
4;0;40;"EventSent";438
4;0;41;"EventSent";440
4;0;42;"EventSent";440
4;0;43;"EventSent";441
4;0;44;"EventSent";444
4;0;45;"EventSent";443
4;0;46;"EventSent";442
4;0;47;"EventSent";443
4;0;48;"EventSent";442
4;0;49;"EventSent";443
4;0;50;"EventSent";427
4;0;51;"EventSent";427
4;0;52;"EventSent";425
4;0;53;"EventSent";426
4;0;54;"EventSent";436
4;0;55;"EventSent";443
4;0;56;"EventSent";437
4;0;57;"EventSent";440
4;0;58;"EventSent";444
4;0;59;"EventSent";434
4;1;0;"EventSent";444
4;1;1;"EventSent";441
4;1;2;"EventSent";443
4;1;3;"EventSent";440
4;1;4;"EventSent";438
4;1;5;"EventSent";435
4;1;6;"EventSent";431
4;1;7;"EventSent";434
4;1;8;"EventSent";428
4;1;9;"EventSent";418
4;1;10;"EventSent";429
4;1;11;"EventSent";433
4;1;12;"EventSent";442
4;1;13;"EventSent";444
4;1;14;"EventSent";435
4;1;15;"EventSent";443
4;1;16;"EventSent";436
4;1;17;"EventSent";435
4;1;18;"EventSent";437
4;1;19;"EventSent";437
4;1;20;"EventSent";444
4;1;21;"EventSent";440
4;1;22;"EventSent";434
4;1;23;"EventSent";433
4;1;24;"EventSent";436
4;1;25;"EventSent";439
4;1;26;"EventSent";428
4;1;27;"EventSent";429
4;1;28;"EventSent";443
4;1;29;"EventSent";430
4;1;30;"EventSent";425
4;1;31;"EventSent";421
4;1;32;"EventSent";425
4;1;33;"EventSent";424
4;1;34;"EventSent";420
4;1;35;"EventSent";426
4;1;36;"EventSent";422
4;1;37;"EventSent";425
4;1;38;"EventSent";425
4;1;39;"EventSent";428
4;1;40;"EventSent";430
4;1;41;"EventSent";430
4;1;42;"EventSent";434
4;1;43;"EventSent";428
4;1;44;"EventSent";425
4;1;45;"EventSent";431
4;1;46;"EventSent";430
4;1;47;"EventSent";427
4;1;48;"EventSent";428
4;1;49;"EventSent";425
4;1;50;"EventSent";433
4;1;51;"EventSent";428
4;1;52;"EventSent";431
4;1;53;"EventSent";427
4;1;54;"EventSent";424
4;1;55;"EventSent";442
4;1;56;"EventSent";440
4;1;57;"EventSent";428
4;1;58;"EventSent";429
4;1;59;"EventSent";422
4;2;0;"EventSent";433
4;2;1;"EventSent";436
4;2;2;"EventSent";441
4;2;3;"EventSent";439
4;2;4;"EventSent";426
4;2;5;"EventSent";433
4;2;6;"EventSent";430
4;2;7;"EventSent";432
4;2;8;"EventSent";435
4;2;9;"EventSent";430
4;2;10;"EventSent";434
4;2;11;"EventSent";434
4;2;12;"EventSent";431
4;2;13;"EventSent";433
4;2;14;"EventSent";431
4;2;15;"EventSent";443
4;2;16;"EventSent";443
4;2;17;"EventSent";442
4;2;18;"EventSent";443
4;2;19;"EventSent";439
4;2;20;"EventSent";444
4;2;21;"EventSent";443
4;2;22;"EventSent";442
4;2;23;"EventSent";442
4;2;24;"EventSent";437
4;2;25;"EventSent";435
4;2;26;"EventSent";426
4;2;27;"EventSent";425
4;2;28;"EventSent";427
4;2;29;"EventSent";439
4;2;30;"EventSent";434
4;2;31;"EventSent";432
4;2;32;"EventSent";433
4;2;33;"EventSent";432
4;2;34;"EventSent";425
4;2;35;"EventSent";424
4;2;36;"EventSent";419
4;2;37;"EventSent";443
4;2;38;"EventSent";444
4;2;39;"EventSent";426
4;2;40;"EventSent";443
4;2;41;"EventSent";443
4;2;42;"EventSent";444
4;2;43;"EventSent";438
4;2;44;"EventSent";423
4;2;45;"EventSent";427
4;2;46;"EventSent";427
4;2;47;"EventSent";423
4;2;48;"EventSent";432
4;2;49;"EventSent";436
4;2;50;"EventSent";444
4;2;51;"EventSent";441
4;2;52;"EventSent";441
4;2;53;"EventSent";436
4;2;54;"EventSent";427
4;2;55;"EventSent";436
4;2;56;"EventSent";437
4;2;57;"EventSent";439
4;2;58;"EventSent";440
4;2;59;"EventSent";430
4;3;0;"EventSent";436
4;3;1;"EventSent";439
4;3;2;"EventSent";437
4;3;3;"EventSent";437
4;3;4;"EventSent";435
4;3;5;"EventSent";439
4;3;6;"EventSent";434
4;3;7;"EventSent";431
4;3;8;"EventSent";441
4;3;9;"EventSent";435
4;3;10;"EventSent";441
4;3;11;"EventSent";425
4;3;12;"EventSent";424
4;3;13;"EventSent";434
4;3;14;"EventSent";437
4;3;15;"EventSent";440
4;3;16;"EventSent";443
4;3;17;"EventSent";433
4;3;18;"EventSent";432
4;3;19;"EventSent";440
4;3;20;"EventSent";443
4;3;21;"EventSent";443
4;3;22;"EventSent";443
4;3;23;"EventSent";442
4;3;24;"EventSent";436
4;3;25;"EventSent";433
4;3;26;"EventSent";433
4;3;27;"EventSent";429
4;3;28;"EventSent";433
4;3;29;"EventSent";426
4;3;30;"EventSent";426
4;3;31;"EventSent";426
4;3;32;"EventSent";424
4;3;33;"EventSent";426
4;3;34;"EventSent";424
4;3;35;"EventSent";431
4;3;36;"EventSent";437
4;3;37;"EventSent";439
4;3;38;"EventSent";442
4;3;39;"EventSent";437
4;3;40;"EventSent";433
4;3;41;"EventSent";432
4;3;42;"EventSent";443
4;3;43;"EventSent";442
4;3;44;"EventSent";440
4;3;45;"EventSent";436
4;3;46;"EventSent";438
4;3;47;"EventSent";437
4;3;48;"EventSent";441
4;3;49;"EventSent";434
4;3;50;"EventSent";442
4;3;51;"EventSent";439
4;3;52;"EventSent";431
4;3;53;"EventSent";441
4;3;54;"EventSent";439
4;3;55;"EventSent";442
4;3;56;"EventSent";443
4;3;57;"EventSent";440
4;3;58;"EventSent";443
4;3;59;"EventSent";435
4;4;0;"EventSent";437
4;4;1;"EventSent";435
4;4;2;"EventSent";440
4;4;3;"EventSent";442
4;4;4;"EventSent";440
4;4;5;"EventSent";443
4;4;6;"EventSent";439
4;4;7;"EventSent";430
4;4;8;"EventSent";429
4;4;9;"EventSent";435
4;4;10;"EventSent";443
4;4;11;"EventSent";443
4;4;12;"EventSent";443
4;4;13;"EventSent";444
4;4;14;"EventSent";435
4;4;15;"EventSent";443
4;4;16;"EventSent";443
4;4;17;"EventSent";442
4;4;18;"EventSent";441
4;4;19;"EventSent";439
4;4;20;"EventSent";444
4;4;21;"EventSent";442
4;4;22;"EventSent";434
4;4;23;"EventSent";433
4;4;24;"EventSent";428
4;4;25;"EventSent";427
4;4;26;"EventSent";430
4;4;27;"EventSent";427
4;4;28;"EventSent";433
4;4;29;"EventSent";429
4;4;30;"EventSent";435
4;4;31;"EventSent";440
4;4;32;"EventSent";433
4;4;33;"EventSent";433
4;4;34;"EventSent";426
4;4;35;"EventSent";432
4;4;36;"EventSent";422
4;4;37;"EventSent";444
4;4;38;"EventSent";436
4;4;39;"EventSent";423
4;4;40;"EventSent";433
4;4;41;"EventSent";433
4;4;42;"EventSent";441
4;4;43;"EventSent";442
4;4;44;"EventSent";420
4;4;45;"EventSent";426
4;4;46;"EventSent";423
4;4;47;"EventSent";422
4;4;48;"EventSent";435
4;4;49;"EventSent";439
4;4;50;"EventSent";442
4;4;51;"EventSent";443
4;4;52;"EventSent";443
4;4;53;"EventSent";443
4;4;54;"EventSent";440
4;4;55;"EventSent";443
4;4;56;"EventSent";443
4;4;57;"EventSent";443
4;4;58;"EventSent";424
4;4;59;"EventSent";425
4;5;0;"EventSent";433
4;5;1;"EventSent";427
4;5;2;"EventSent";426
4;5;3;"EventSent";433
4;5;4;"EventSent";428
4;5;5;"EventSent";433
4;5;6;"EventSent";428
4;5;7;"EventSent";441
4;5;8;"EventSent";441
4;5;9;"EventSent";437
4;5;10;"EventSent";444
4;5;11;"EventSent";429
4;5;12;"EventSent";425
4;5;13;"EventSent";424
4;5;14;"EventSent";424
4;5;15;"EventSent";425
4;5;16;"EventSent";427
4;5;17;"EventSent";428
4;5;18;"EventSent";429
4;5;19;"EventSent";426
4;5;20;"EventSent";433
4;5;21;"EventSent";437
4;5;22;"EventSent";433
4;5;23;"EventSent";431
4;5;24;"EventSent";422
4;5;25;"EventSent";426
4;5;26;"EventSent";430
4;5;27;"EventSent";415
4;5;28;"EventSent";427
4;5;29;"EventSent";420
4;5;30;"EventSent";441
4;5;31;"EventSent";443
4;5;32;"EventSent";442
4;5;33;"EventSent";430
4;5;34;"EventSent";436
4;5;35;"EventSent";432
4;5;36;"EventSent";431
4;5;37;"EventSent";431
4;5;38;"EventSent";433
4;5;39;"EventSent";429
4;5;40;"EventSent";433
4;5;41;"EventSent";430
4;5;42;"EventSent";441
4;5;43;"EventSent";442
4;5;44;"EventSent";426
4;5;45;"EventSent";435
4;5;46;"EventSent";433
4;5;47;"EventSent";432
4;5;48;"EventSent";432
4;5;49;"EventSent";427
4;5;50;"EventSent";436
4;5;51;"EventSent";436
4;5;52;"EventSent";433
4;5;53;"EventSent";432
4;5;54;"EventSent";430
4;5;55;"EventSent";434
4;5;56;"EventSent";443
4;5;57;"EventSent";443
4;5;58;"EventSent";431
4;5;59;"EventSent";431
4;6;0;"EventSent";437
4;6;1;"EventSent";433
4;6;2;"EventSent";432
4;6;3;"EventSent";438
4;6;4;"EventSent";441
4;6;5;"EventSent";437
4;6;6;"EventSent";433
4;6;7;"EventSent";431
4;6;8;"EventSent";427
4;6;9;"EventSent";425
4;6;10;"EventSent";430
4;6;11;"EventSent";417
4;6;12;"EventSent";436
4;6;13;"EventSent";440
4;6;14;"EventSent";440
4;6;15;"EventSent";441
4;6;16;"EventSent";436
4;6;17;"EventSent";441
4;6;18;"EventSent";443
4;6;19;"EventSent";438
4;6;20;"EventSent";442
4;6;21;"EventSent";442
4;6;22;"EventSent";443
4;6;23;"EventSent";444
4;6;24;"EventSent";441
4;6;25;"EventSent";443
4;6;26;"EventSent";443
4;6;27;"EventSent";441
4;6;28;"EventSent";442
4;6;29;"EventSent";439
4;6;30;"EventSent";436
4;6;31;"EventSent";437
4;6;32;"EventSent";440
4;6;33;"EventSent";433
4;6;34;"EventSent";435
4;6;35;"EventSent";437
4;6;36;"EventSent";438
4;6;37;"EventSent";443
4;6;38;"EventSent";443
4;6;39;"EventSent";439
4;6;40;"EventSent";444
4;6;41;"EventSent";442
4;6;42;"EventSent";443
4;6;43;"EventSent";442
4;6;44;"EventSent";436
4;6;45;"EventSent";439
4;6;46;"EventSent";433
4;6;47;"EventSent";438
4;6;48;"EventSent";438
4;6;49;"EventSent";431
4;6;50;"EventSent";439
4;6;51;"EventSent";438
4;6;52;"EventSent";438
4;6;53;"EventSent";436
4;6;54;"EventSent";436
4;6;55;"EventSent";434
4;6;56;"EventSent";440
4;6;57;"EventSent";427
4;6;58;"EventSent";418
4;6;59;"EventSent";420
4;7;0;"EventSent";429
4;7;1;"EventSent";435
4;7;2;"EventSent";438
4;7;3;"EventSent";431
4;7;4;"EventSent";430
4;7;5;"EventSent";438
4;7;6;"EventSent";438
4;7;7;"EventSent";444
4;7;8;"EventSent";434
4;7;9;"EventSent";423
4;7;10;"EventSent";427
4;7;11;"EventSent";425
4;7;12;"EventSent";422
4;7;13;"EventSent";435
4;7;14;"EventSent";435
4;7;15;"EventSent";436
4;7;16;"EventSent";428
4;7;17;"EventSent";428
4;7;18;"EventSent";419
4;7;19;"EventSent";417
4;7;20;"EventSent";432
4;7;21;"EventSent";435
4;7;22;"EventSent";439
4;7;23;"EventSent";438
4;7;24;"EventSent";428
4;7;25;"EventSent";440
4;7;26;"EventSent";441
4;7;27;"EventSent";441
4;7;28;"EventSent";441
4;7;29;"EventSent";432
4;7;30;"EventSent";438
4;7;31;"EventSent";436
4;7;32;"EventSent";438
4;7;33;"EventSent";437
4;7;34;"EventSent";436
4;7;35;"EventSent";431
4;7;36;"EventSent";432
4;7;37;"EventSent";433
4;7;38;"EventSent";433
4;7;39;"EventSent";428
4;7;40;"EventSent";431
4;7;41;"EventSent";427
4;7;42;"EventSent";432
4;7;43;"EventSent";443
4;7;44;"EventSent";442
4;7;45;"EventSent";440
4;7;46;"EventSent";436
4;7;47;"EventSent";430
4;7;48;"EventSent";430
4;7;49;"EventSent";429
4;7;50;"EventSent";433
4;7;51;"EventSent";426
4;7;52;"EventSent";443
4;7;53;"EventSent";426
4;7;54;"EventSent";411
4;7;55;"EventSent";428
4;7;56;"EventSent";432
4;7;57;"EventSent";419
4;7;58;"EventSent";430
4;7;59;"EventSent";422
4;8;0;"EventSent";423
4;8;1;"EventSent";433
4;8;2;"EventSent";433
4;8;3;"EventSent";431
4;8;4;"EventSent";429
4;8;5;"EventSent";446
4;8;6;"EventSent";442
4;8;7;"EventSent";441
4;8;8;"EventSent";443
4;8;9;"EventSent";443
4;8;10;"EventSent";443
4;8;11;"EventSent";443
4;8;12;"EventSent";443
4;8;13;"EventSent";440
4;8;14;"EventSent";441
4;8;15;"EventSent";443
4;8;16;"EventSent";443
4;8;17;"EventSent";443
4;8;18;"EventSent";441
4;8;19;"EventSent";438
4;8;20;"EventSent";433
4;8;21;"EventSent";426
4;8;22;"EventSent";439
4;8;23;"EventSent";431
4;8;24;"EventSent";423
4;8;25;"EventSent";421
4;8;26;"EventSent";422
4;8;27;"EventSent";422
4;8;28;"EventSent";425
4;8;29;"EventSent";422
4;8;30;"EventSent";428
4;8;31;"EventSent";436
4;8;32;"EventSent";436
4;8;33;"EventSent";439
4;8;34;"EventSent";435
4;8;35;"EventSent";444
4;8;36;"EventSent";437
4;8;37;"EventSent";435
4;8;38;"EventSent";434
4;8;39;"EventSent";431
4;8;40;"EventSent";430
4;8;41;"EventSent";425
4;8;42;"EventSent";427
4;8;43;"EventSent";418
4;8;44;"EventSent";426
4;8;45;"EventSent";426
4;8;46;"EventSent";432
4;8;47;"EventSent";434
4;8;48;"EventSent";442
4;8;49;"EventSent";441
4;8;50;"EventSent";440
4;8;51;"EventSent";443
4;8;52;"EventSent";443
4;8;53;"EventSent";441
4;8;54;"EventSent";440
4;8;55;"EventSent";442
4;8;56;"EventSent";437
4;8;57;"EventSent";437
4;8;58;"EventSent";443
4;8;59;"EventSent";425
4;9;0;"EventSent";433
4;9;1;"EventSent";432
4;9;2;"EventSent";434
4;9;3;"EventSent";433
4;9;4;"EventSent";439
4;9;5;"EventSent";442
4;9;6;"EventSent";444
4;9;7;"EventSent";443
4;9;8;"EventSent";443
4;9;9;"EventSent";435
4;9;10;"EventSent";444
4;9;11;"EventSent";435
4;9;12;"EventSent";426
4;9;13;"EventSent";427
4;9;14;"EventSent";420
4;9;15;"EventSent";440
4;9;16;"EventSent";443
4;9;17;"EventSent";442
4;9;18;"EventSent";443
4;9;19;"EventSent";439
4;9;20;"EventSent";443
4;9;21;"EventSent";443
4;9;22;"EventSent";427
4;9;23;"EventSent";428
4;9;24;"EventSent";436
4;9;25;"EventSent";439
4;9;26;"EventSent";434
4;9;27;"EventSent";438
4;9;28;"EventSent";429
4;9;29;"EventSent";422
4;9;30;"EventSent";433
4;9;31;"EventSent";430
4;9;32;"EventSent";433
4;9;33;"EventSent";433
4;9;34;"EventSent";431
4;9;35;"EventSent";426
4;9;36;"EventSent";428
4;9;37;"EventSent";431
4;9;38;"EventSent";434
4;9;39;"EventSent";426
4;9;40;"EventSent";429
4;9;41;"EventSent";433
4;9;42;"EventSent";436
4;9;43;"EventSent";445
4;9;44;"EventSent";441
4;9;45;"EventSent";442
4;9;46;"EventSent";444
4;9;47;"EventSent";445
4;9;48;"EventSent";443
4;9;49;"EventSent";441
4;9;50;"EventSent";440
4;9;51;"EventSent";434
4;9;52;"EventSent";432
4;9;53;"EventSent";435
4;9;54;"EventSent";425
4;9;55;"EventSent";430
4;9;56;"EventSent";427
4;9;57;"EventSent";426
4;9;58;"EventSent";431
4;9;59;"EventSent";432
4;10;0;"EventSent";432
4;10;1;"EventSent";427
4;10;2;"EventSent";438
4;10;3;"EventSent";432
4;10;4;"EventSent";426
4;10;5;"EventSent";427
4;10;6;"EventSent";431
4;10;7;"EventSent";434
4;10;8;"EventSent";434
4;10;9;"EventSent";432
4;10;10;"EventSent";435
4;10;11;"EventSent";433
4;10;12;"EventSent";431
4;10;13;"EventSent";428
4;10;14;"EventSent";427
4;10;15;"EventSent";431
4;10;16;"EventSent";434
4;10;17;"EventSent";434
4;10;18;"EventSent";431
4;10;19;"EventSent";424
4;10;20;"EventSent";426
4;10;21;"EventSent";424
4;10;22;"EventSent";444
4;10;23;"EventSent";439
4;10;24;"EventSent";67
